,timestamp,random_state,algorithm,k_max,k_best,n_clusters,db_index,silhouette_score,homogeneity,completeness,v_measure,adjusted_rand_index,adjusted_mutual_info
0,1679857725.427653,76399,opf,5,5,250,NA,NA,0.9544663012495485,0.9549872992395677,0.9547267291669196,0.9422842460316535,0.9521691998865572
1,1679857732.415119,76399,opf_snn,5,4,423,NA,NA,0.9581588446283098,0.9581976199665039,0.958178231905119,0.9490569993387038,0.9558169719544937
0,1679857738.888858,76399,opf,10,10,85,NA,NA,0.9453100843250525,0.9455215738723101,0.9454158172711268,0.930648909415426,0.9423332670707338
1,1679857745.949506,76399,opf_snn,10,7,256,NA,NA,0.9557251572268657,0.9564854703831139,0.956105162651114,0.9471446518627612,0.9536248061988553
0,1679857752.940001,76399,opf,15,15,45,NA,NA,0.8917072642837741,0.8977828599023376,0.8947347482998637,0.8420948425967104,0.8887488518567055
1,1679857760.827725,76399,opf_snn,15,9,186,NA,NA,0.9602476335446094,0.9605019286790848,0.9603747642783107,0.9489052680050705,0.9581369548095245
0,1679857768.385112,76399,opf,20,20,25,NA,NA,0.8831840117350062,0.8932893961981345,0.8882079619671991,0.8249072120094721,0.8818222201598623
1,1679857777.123637,76399,opf_snn,20,13,127,NA,NA,0.9389572640131634,0.9397051744824235,0.9393310703732383,0.9208787549492282,0.9359027520399141
0,1679857785.946877,76399,opf,25,25,16,NA,NA,0.8612204837042843,0.8756440017558271,0.8683723538110512,0.7973486236964853,0.8608139684973085
1,1679857796.728139,76399,opf_snn,25,14,127,NA,NA,0.9222474315522323,0.9221941129955082,0.9222207715032119,0.9028305729743291,0.9178296162080058
0,1679857807.199683,76399,opf,30,25,16,NA,NA,0.8612204837042843,0.8756440017558271,0.8683723538110512,0.7973486236964853,0.8608139684973085
1,1679857822.341892,76399,opf_snn,30,21,74,NA,NA,0.8946023979946875,0.8947036634261936,0.8946530278448918,0.8708694397498893,0.8887045232656633
0,1679857836.46127,76399,opf,35,35,12,NA,NA,0.8476850397145592,0.8592516565474437,0.8534291590312382,0.7846410413125968,0.845036391357838
1,1679857851.026119,76399,opf_snn,35,19,84,NA,NA,0.9192879284143755,0.9196635609171369,0.9194757063015638,0.9037228098214742,0.9149275052556006
0,1679857864.100856,76399,opf,40,38,11,NA,NA,0.8193064366114109,0.8684170576411621,0.8431472186190573,0.7519847041382779,0.8351272598872966
1,1679857879.762973,76399,opf_snn,40,26,64,NA,NA,0.8514230707578269,0.862160747798241,0.8567582670053374,0.7946080713592336,0.8485641398058792
0,1679857893.284321,76399,opf,45,38,11,NA,NA,0.8190670940997118,0.8682629723153926,0.8429478544878741,0.7513408463506892,0.8349169879297385
1,1679857912.065981,76399,opf_snn,45,29,55,NA,NA,0.8650332694137689,0.8740895262133149,0.8695378181711424,0.8082195975919652,0.862091201933219
0,1679857927.655464,76399,opf,50,38,11,NA,NA,0.8190670940997118,0.8682629723153926,0.8429478544878741,0.7513408463506892,0.8349169879297385
1,1679857946.481455,76399,opf_snn,50,29,55,NA,NA,0.8650332694137689,0.8740895262133149,0.8695378181711424,0.8082195975919652,0.862091201933219
0,1679857962.158754,82678,opf,5,5,244,NA,NA,0.9328023823364726,0.9336983096022885,0.9332501309451726,0.9191994187424929,0.9294732400706475
1,1679857969.184234,82678,opf_snn,5,5,334,NA,NA,0.9420115153803765,0.9432509173726122,0.9426308089750441,0.9313749617597981,0.9393834138484952
0,1679857976.081194,82678,opf,10,10,83,NA,NA,0.9280612400581965,0.9282042586089642,0.928132743824049,0.9033919724076486,0.9240699170021498
1,1679857983.628112,82678,opf_snn,10,7,247,NA,NA,0.9502118191651813,0.9505209335511018,0.95036635122265,0.9398752439264535,0.9475600191816693
0,1679857990.871836,82678,opf,15,15,43,NA,NA,0.8815581888969607,0.8929364630501522,0.8872108465390979,0.828220968364116,0.8807519634893864
1,1679857999.100162,82678,opf_snn,15,11,177,NA,NA,0.937445565236461,0.9388699260102983,0.9381572049883896,0.9198151476220464,0.934655903879333
0,1679858007.137213,82678,opf,20,20,28,NA,NA,0.8637463925885782,0.8758707555717239,0.8697663233533451,0.8069868852276847,0.8623007262137499
1,1679858016.389888,82678,opf_snn,20,13,134,NA,NA,0.9132890712370667,0.914359787469322,0.9138241157171136,0.8793388999769601,0.9089469985833575
0,1679858025.076227,82678,opf,25,25,19,NA,NA,0.8402565866677988,0.855263271107504,0.8476935184068658,0.7773130380279524,0.8389363740403158
1,1679858035.133427,82678,opf_snn,25,16,107,NA,NA,0.899572121595844,0.8993622739212421,0.8994671855190621,0.8595726464837988,0.8937860694801969
0,1679858044.583688,82678,opf,30,25,19,NA,NA,0.8402565866677988,0.855263271107504,0.8476935184068658,0.7773130380279524,0.8389363740403158
1,1679858056.253321,82678,opf_snn,30,19,94,NA,NA,0.9219530695924149,0.922515473929517,0.9222341860184794,0.8928091636474295,0.9178357492918694
0,1679858067.20188,82678,opf,35,35,16,NA,NA,0.828685819293438,0.845809629171696,0.837160168048101,0.7569314066490633,0.8277822755572807
1,1679858080.471402,82678,opf_snn,35,19,94,NA,NA,0.9219530695924149,0.922515473929517,0.9222341860184794,0.8928091636474295,0.9178357492918694
0,1679858092.558387,82678,opf,40,36,15,NA,NA,0.8188349764643692,0.8331194823748648,0.8259154701174718,0.7464197842449034,0.8159191302196016
1,1679858107.359508,82678,opf_snn,40,21,72,NA,NA,0.9362307331736903,0.9380581587769553,0.9371435551082985,0.9138702489746532,0.9335831601413223
0,1679858120.358628,82678,opf,45,45,12,NA,NA,0.8085339902555572,0.8255873257890489,0.8169716755673402,0.7421801432521473,0.8064444675425714
1,1679858137.066638,82678,opf_snn,45,19,94,NA,NA,0.9219530695924149,0.922515473929517,0.9222341860184794,0.8928091636474295,0.9178357492918694
0,1679858151.332915,82678,opf,50,45,12,NA,NA,0.8085339902555572,0.8255873257890489,0.8169716755673402,0.7421801432521473,0.8064444675425714
1,1679858170.087175,82678,opf_snn,50,22,74,NA,NA,0.9382551638920932,0.9405102562230435,0.939381356657786,0.9181623764170505,0.9359461566651601
0,1679858184.984435,99683,opf,5,5,242,NA,NA,0.9669788048124095,0.9663672947813997,0.966672953087754,0.9625555664909953,0.9647937665121796
1,1679858191.869353,99683,opf_snn,5,5,351,NA,NA,0.9778033962319433,0.9776719841249429,0.9777376857628565,0.9748881148384071,0.9764817065843918
0,1679858198.599328,99683,opf,10,10,77,NA,NA,0.9484127616197712,0.9478990770578043,0.948155849763778,0.9307595644153551,0.94523227910459
1,1679858205.719552,99683,opf_snn,10,7,237,NA,NA,0.9632389851868781,0.9628882766439623,0.963063598986979,0.9578088533899236,0.9609802667730225
0,1679858212.825164,99683,opf,15,15,38,NA,NA,0.8727494962484135,0.8862823645024366,0.8794638737506228,0.8023269288580853,0.8725574769350635
1,1679858220.730963,99683,opf_snn,15,9,186,NA,NA,0.9507107906349085,0.9499527300563003,0.9503316091731758,0.9392183590643589,0.9475314985959362
0,1679858228.561206,99683,opf,20,20,20,NA,NA,0.867281477223284,0.8804121488352613,0.8737974867244755,0.7872106757506052,0.8665702415085899
1,1679858237.870883,99683,opf_snn,20,12,141,NA,NA,0.9407857242325055,0.9396884419953774,0.9402367629743911,0.920873680377109,0.9368689897114025
0,1679858246.606006,99683,opf,25,24,17,NA,NA,0.8610786572608639,0.8760993557217411,0.8685240674405644,0.7802908766683958,0.8609785196514922
1,1679858257.141919,99683,opf_snn,25,12,141,NA,NA,0.9407857242325055,0.9396884419953774,0.9402367629743911,0.920873680377109,0.9368689897114025
0,1679858266.90457,99683,opf,30,24,17,NA,NA,0.8610786572608639,0.8760993557217411,0.8685240674405644,0.7802908766683958,0.8609785196514922
1,1679858278.764949,99683,opf_snn,30,16,99,NA,NA,0.9327700745682538,0.93211708026063,0.9324434630907508,0.9175645130824374,0.9286345308096282
0,1679858289.579435,99683,opf,35,35,15,NA,NA,0.8394512407786042,0.8623027682980909,0.8507235768669014,0.7646482312521644,0.8421171099405483
1,1679858302.978477,99683,opf_snn,35,18,87,NA,NA,0.9209515333595085,0.9200944913323345,0.9205228128612192,0.8955034822483449,0.9160429583410962
0,1679858315.063346,99683,opf,40,37,14,NA,NA,0.8394512407786042,0.8623027682980909,0.8507235768669014,0.7646482312521644,0.8421171099405483
1,1679858330.189539,99683,opf_snn,40,19,84,NA,NA,0.9252905801007671,0.924279665276997,0.924784846422332,0.900064863791716,0.9205459787073264
0,1679858343.440339,99683,opf,45,41,13,NA,NA,0.819310466858698,0.8698900462902263,0.8438430066696829,0.7419583308372631,0.8358548712478692
1,1679858360.143529,99683,opf_snn,45,21,76,NA,NA,0.9254711473094919,0.9248139199005725,0.9251424168803515,0.904735436254047,0.920921913904008
0,1679858374.807259,99683,opf,50,46,12,NA,NA,0.8175757517502865,0.8680482397138473,0.8420563491423968,0.7417982553601151,0.8339768181194257
1,1679858393.793079,99683,opf_snn,50,27,52,NA,NA,0.8960639565883173,0.8961212925434708,0.8960926236487423,0.8637016244587765,0.8902294045784978
0,1679858409.834625,86953,opf,5,5,252,NA,NA,0.9685811759417566,0.9686516315573416,0.9686164024683419,0.9646141026559261,0.9668407486574166
1,1679858416.958574,86953,opf_snn,5,5,339,NA,NA,0.9645617123506128,0.9646033439642422,0.9645825277082198,0.9578095266056412,0.9625787009671439
0,1679858423.998783,86953,opf,10,10,81,NA,NA,0.9554673203025794,0.9570690699762655,0.9562675244065594,0.948426240622194,0.9537889229983751
1,1679858431.651437,86953,opf_snn,10,9,191,NA,NA,0.9742512253599361,0.9744085926919835,0.9743299026717268,0.9715938377839309,0.9728773830340571
0,1679858439.220953,86953,opf,15,15,40,NA,NA,0.9255318912644036,0.9309268152797535,0.928221514367548,0.9021799019808848,0.9241351172369658
1,1679858447.711458,86953,opf_snn,15,9,191,NA,NA,0.9742512253599361,0.9744085926919835,0.9743299026717268,0.9715938377839309,0.9728773830340571
0,1679858455.998379,86953,opf,20,20,24,NA,NA,0.909508882401163,0.9181070027365943,0.9137877174017898,0.8860681623840766,0.908862568873188
1,1679858465.521483,86953,opf_snn,20,12,144,NA,NA,0.9796847455647486,0.9800748443304084,0.979879756122141,0.9777162129607323,0.9787409768079359
0,1679858474.511925,86953,opf,25,24,18,NA,NA,0.8916701620764478,0.9041590163845531,0.8978711631953853,0.8623596541427668,0.8920168763339512
1,1679858485.107428,86953,opf_snn,25,15,114,NA,NA,0.9633737869142758,0.9638473743447432,0.9636105224407923,0.9612909919429913,0.9615507252391182
0,1679858495.199606,86953,opf,30,24,18,NA,NA,0.8916701620764478,0.9041590163845531,0.8978711631953853,0.8623596541427668,0.8920168763339512
1,1679858507.132113,86953,opf_snn,30,17,89,NA,NA,0.9686711906165455,0.9694322102246429,0.9690515510088437,0.966814550386751,0.9672991673938288
0,1679858518.008356,86953,opf,35,31,15,NA,NA,0.8456508539958382,0.8586837658014442,0.8521174790766419,0.8066290688241426,0.8436336630727416
1,1679858531.465286,86953,opf_snn,35,20,73,NA,NA,0.9389661759902693,0.9397420928354003,0.939353974183873,0.9314032513496364,0.9359199142481032
0,1679858543.529797,86953,opf,40,40,13,NA,NA,0.8425669367542191,0.8607971170551257,0.8515844730455722,0.7947945655203444,0.8430487037333163
1,1679858558.751992,86953,opf_snn,40,23,76,NA,NA,0.9294851323923656,0.9315588827833781,0.9305208522039452,0.9136690724220148,0.9265805586050889
0,1679858572.106709,86953,opf,45,40,13,NA,NA,0.8425669367542191,0.8607971170551257,0.8515844730455722,0.7947945655203444,0.8430487037333163
1,1679858589.343286,86953,opf_snn,45,25,50,NA,NA,0.9064446291255044,0.909666823398024,0.9080528678094607,0.8870595685400539,0.90283110472624
0,1679858603.820029,86953,opf,50,46,12,NA,NA,0.8379761708503313,0.8818686323251075,0.8593623079761453,0.7933308367323789,0.8522100402709114
1,1679858622.316721,86953,opf_snn,50,30,48,NA,NA,0.8992016597803371,0.9050602889249231,0.9021214625587693,0.8800822333417729,0.8965450971912252
0,1679858638.290758,33812,opf,5,5,234,NA,NA,0.9552317641854504,0.9567362512839913,0.9559834158102193,0.9457703927492447,0.9535053580848508
1,1679858645.228449,33812,opf_snn,5,4,420,NA,NA,0.9759229028382185,0.9764597756514672,0.9761912654292889,0.9689963927291781,0.9748523961750125
0,1679858652.108373,33812,opf,10,10,71,NA,NA,0.9412685043560867,0.9425443605458984,0.941906000399315,0.9288708286639775,0.9386361065477642
1,1679858659.701884,33812,opf_snn,10,7,252,NA,NA,0.9554429474194854,0.9572521082316031,0.9563466722101042,0.9445691790159808,0.9538880583096286
0,1679858667.220282,33812,opf,15,15,43,NA,NA,0.8813719254815868,0.9028621816024475,0.8919876335555069,0.8270406583333753,0.8857820354726313
1,1679858675.706156,33812,opf_snn,15,8,211,NA,NA,0.9617557025916986,0.9628790716159464,0.9623170592603321,0.9510340887296219,0.9601965642336635
0,1679858683.768321,33812,opf,20,20,23,NA,NA,0.8972258299389001,0.9115592582098814,0.9043357525939253,0.8439080299484747,0.8988708502176785
1,1679858693.178749,33812,opf_snn,20,11,158,NA,NA,0.9453414246332945,0.9467662519576888,0.9460533018215559,0.934371909060863,0.9430163643689524
0,1679858702.181733,33812,opf,25,25,14,NA,NA,0.835661107044306,0.8896977073188702,0.8618332196683226,0.7739669833874276,0.8547702611975477
1,1679858712.665727,33812,opf_snn,25,17,94,NA,NA,0.93519510633398,0.937155639464737,0.9361743464650312,0.918735000705375,0.9325789305373972
0,1679858722.384133,33812,opf,30,29,12,NA,NA,0.8345838634963291,0.8896347716837143,0.8612304840040654,0.7711159971396684,0.8541289609440438
1,1679858734.239671,33812,opf_snn,30,20,82,NA,NA,0.9254113233632171,0.9282009717414531,0.9268040483706199,0.8977644058661218,0.9226768415398059
0,1679858745.341706,33812,opf,35,29,12,NA,NA,0.8345838634963291,0.8896347716837143,0.8612304840040654,0.7711159971396684,0.8541289609440438
1,1679858758.84983,33812,opf_snn,35,20,82,NA,NA,0.9254113233632171,0.9282009717414531,0.9268040483706199,0.8977644058661218,0.9226768415398059
0,1679858770.932427,33812,opf,40,29,12,NA,NA,0.8318557389271087,0.8864395981494054,0.8582807053267207,0.7670925787734341,0.8510309027599801
1,1679858785.926867,33812,opf_snn,40,18,84,NA,NA,0.9441778138586829,0.9465617632194213,0.945368285631242,0.929733317331353,0.9422893280291285
0,1679858799.19804,33812,opf,45,29,12,NA,NA,0.8318557389271087,0.8864395981494054,0.8582807053267207,0.7670925787734341,0.8510309027599801
1,1679858816.05433,33812,opf_snn,45,29,50,NA,NA,0.8774351144124038,0.8840806959539118,0.8807453694585947,0.8433950608175179,0.8739871200576486
0,1679858830.871061,33812,opf,50,29,12,NA,NA,0.8318557389271087,0.8864395981494054,0.8582807053267207,0.7670925787734341,0.8510309027599801
1,1679858849.380919,33812,opf_snn,50,27,56,NA,NA,0.8998904555868686,0.9046003741073873,0.902239268145769,0.8750317730228205,0.8967131536208103
0,1679858865.444967,39221,opf,5,5,247,NA,NA,0.9729092549571937,0.9738747397615928,0.9733917579489323,0.9663644776744665,0.9718901288624276
1,1679858872.57557,39221,opf_snn,5,5,335,NA,NA,0.9678269011471483,0.9680099092634487,0.9679183965547834,0.9605027584059573,0.966109437385519
0,1679858879.626836,39221,opf,10,10,90,NA,NA,0.93819695201301,0.9401051905821084,0.9391501019714976,0.9208048050304359,0.9357122754285778
1,1679858887.298272,39221,opf_snn,10,6,303,NA,NA,0.9623592712954577,0.9624288552676422,0.9623940620237676,0.954426925844745,0.9602738592213041
0,1679858894.898545,39221,opf,15,15,50,NA,NA,0.9100136647023024,0.9132230882772117,0.911615551733272,0.8802775287858673,0.9066140252607447
1,1679858903.341742,39221,opf_snn,15,9,190,NA,NA,0.9524047032959105,0.952630350620597,0.9525175135945324,0.9369605116768492,0.9498401407107094
0,1679858911.592731,39221,opf,20,20,31,NA,NA,0.893809507361451,0.8985240612872112,0.8961605837433937,0.8661575837245039,0.890273351962384
1,1679858921.086107,39221,opf_snn,20,11,159,NA,NA,0.9519548911359524,0.9531594546258063,0.952556792070876,0.9373551162816446,0.9498786504942536
0,1679858930.061214,39221,opf,25,25,22,NA,NA,0.8938354295111816,0.9011241773510781,0.8974650048125787,0.8569057417556025,0.8916344602903722
1,1679858940.622427,39221,opf_snn,25,15,113,NA,NA,0.8998567754791367,0.9002230323968247,0.9000398666773743,0.8734366147585584,0.8944022918486566
0,1679858950.662452,39221,opf,30,28,16,NA,NA,0.8579639742802003,0.8843167612511678,0.8709410688332633,0.8139389250859411,0.8635741961904498
1,1679858962.862224,39221,opf_snn,30,17,99,NA,NA,0.9197203128312372,0.9209723245593291,0.9203458928954144,0.9015963618899453,0.9158489163014655
0,1679858973.759129,39221,opf,35,31,15,NA,NA,0.8512005550486512,0.8997717630610885,0.8748124869975257,0.8027543340134181,0.8684397662686031
1,1679858987.071417,39221,opf_snn,35,24,63,NA,NA,0.9182508919511092,0.9199541693835879,0.9191017415404787,0.8947576801242325,0.9145317713791916
0,1679858999.230569,39221,opf,40,31,15,NA,NA,0.8512005550486512,0.8997717630610885,0.8748124869975257,0.8027543340134181,0.8684397662686031
1,1679859014.335215,39221,opf_snn,40,21,75,NA,NA,0.9099116434578434,0.9098757854094596,0.9098937140803686,0.8889110281458882,0.9048143234771041
0,1679859027.940507,39221,opf,45,31,15,NA,NA,0.8512005550486512,0.8997717630610885,0.8748124869975257,0.8027543340134181,0.8684397662686031
1,1679859044.841574,39221,opf_snn,45,20,84,NA,NA,0.9247353626781438,0.9257208466422657,0.925227842244202,0.9053190309859661,0.921007655453819
0,1679859059.197881,39221,opf,50,46,11,NA,NA,0.8204281839100996,0.8627332830662313,0.8410490787866634,0.7674036404406318,0.8330016872900061
1,1679859078.301546,39221,opf_snn,50,35,42,NA,NA,0.889054862698737,0.8970111530110769,0.8930152866298858,0.8545278899927595,0.8869260682452392
0,1679859094.698209,17739,opf,5,5,242,NA,NA,0.9775085338620603,0.9772969328313443,0.977402721894157,0.9729210630640445,0.9761318867468347
1,1679859101.85127,17739,opf_snn,5,5,339,NA,NA,0.9569405200055361,0.9572564663295824,0.9570984670934194,0.9493850877716296,0.9546843282036463
0,1679859108.907829,17739,opf,10,10,78,NA,NA,0.9514983037960981,0.9516511930715916,0.9515747422926746,0.932054897895333,0.9488502821259917
1,1679859116.566317,17739,opf_snn,10,7,261,NA,NA,0.9560497354755455,0.95652369193386,0.956286654978925,0.9425347371537972,0.9538263799319325
0,1679859124.066459,17739,opf,15,15,45,NA,NA,0.9141003303065374,0.9164423803286006,0.9152698570738312,0.8751858013833215,0.9104904025660725
1,1679859132.612229,17739,opf_snn,15,9,193,NA,NA,0.9674434885376638,0.9674213632425437,0.9674324257636018,0.9551774704039285,0.965600490824918
0,1679859140.8032,17739,opf,20,20,25,NA,NA,0.8825546270475574,0.8951781047446727,0.8888215469572723,0.8258380629016859,0.8824772589408776
1,1679859150.18571,17739,opf_snn,20,13,133,NA,NA,0.949158762177507,0.9490161916481178,0.9490874715586285,0.9358379834249275,0.9462240217095677
0,1679859159.152466,17739,opf,25,23,19,NA,NA,0.8694192737786489,0.8822511714936998,0.8757882224714421,0.8067701657020941,0.8686974227475477
1,1679859169.729037,17739,opf_snn,25,19,87,NA,NA,0.8898430341732921,0.8897390344638675,0.8897910312796811,0.8547967909796268,0.8835923691649221
0,1679859179.726266,17739,opf,30,23,19,NA,NA,0.8694192737786489,0.8822511714936998,0.8757882224714421,0.8067701657020941,0.8686974227475477
1,1679859191.621601,17739,opf_snn,30,14,124,NA,NA,0.923520714833847,0.9234723527839308,0.9234965331757278,0.9042558690497653,0.9191933221620628
0,1679859202.343419,17739,opf,35,35,15,NA,NA,0.8309068579778631,0.8441182410100058,0.8374604485905727,0.7458492364149254,0.8281756314526678
1,1679859215.489653,17739,opf_snn,35,13,134,NA,NA,0.949158762177507,0.9490161916481178,0.9490874715586285,0.9358379834249275,0.9462240217095677
0,1679859227.105194,17739,opf,40,39,14,NA,NA,0.8292623625739645,0.8420932501362298,0.8356285554134113,0.7507206645402731,0.826242472111318
1,1679859241.79659,17739,opf_snn,40,24,61,NA,NA,0.8998312236100532,0.8999938044848776,0.8999125067043792,0.8627274211030759,0.8942813983304508
0,1679859255.002841,17739,opf,45,39,14,NA,NA,0.8292623625739645,0.8420932501362298,0.8356285554134113,0.7507206645402731,0.826242472111318
1,1679859271.58392,17739,opf_snn,45,25,56,NA,NA,0.8935567086028519,0.8958100197414267,0.8946819453989481,0.847108115971591,0.888742151017215
0,1679859286.381458,17739,opf,50,47,12,NA,NA,0.8031789751226036,0.8486414080658913,0.8252845688479251,0.7173957517485164,0.8164133648043319
1,1679859305.301722,17739,opf_snn,50,22,72,NA,NA,0.8856647852978917,0.8856141711798552,0.8856394775157267,0.8534244395270952,0.8792069159680712
0,1679859321.736073,17219,opf,5,5,265,NA,NA,0.961897357590769,0.9613918369789373,0.9616445308489033,0.9592901281610204,0.9594821804011219
1,1679859328.995221,17219,opf_snn,5,4,428,NA,NA,0.968918989115599,0.9685607671805109,0.9687398450321077,0.965016547688801,0.9669771881539699
0,1679859335.928148,17219,opf,10,10,92,NA,NA,0.9495257822048001,0.9499476631188645,0.9497366758110837,0.9372382332724246,0.9468999377173021
1,1679859343.596137,17219,opf_snn,10,7,259,NA,NA,0.9700576399117621,0.9702584278871113,0.9701580235104563,0.9640173904060108,0.9684742403189474
0,1679859351.122487,17219,opf,15,15,46,NA,NA,0.9157793632354763,0.9163101513086462,0.9160446803828108,0.8913228138474739,0.9113063086424138
1,1679859359.633177,17219,opf_snn,15,10,180,NA,NA,0.9618500838711759,0.9616238813584436,0.961736969313986,0.9537723290272407,0.9595791229244642
0,1679859367.97901,17219,opf,20,20,28,NA,NA,0.9020681594167774,0.9046696204317423,0.9033670170461123,0.8692321688832595,0.8978990548516047
1,1679859377.309823,17219,opf_snn,20,11,177,NA,NA,0.9578976868968205,0.9577990794812886,0.9578483806512255,0.9475612141165525,0.9554709798114087
0,1679859386.258148,17219,opf,25,25,23,NA,NA,0.8953545803243455,0.8987502912192141,0.8970492222326316,0.8625202783320792,0.8912177368760508
1,1679859396.798447,17219,opf_snn,25,17,96,NA,NA,0.9312449380005099,0.9317474828759483,0.9314961426571289,0.9130566885858608,0.9276296523287626
0,1679859406.566041,17219,opf,30,28,17,NA,NA,0.8854201306401218,0.9006707640772185,0.8929803381805984,0.8423965787911745,0.8868521405165344
1,1679859418.295814,17219,opf_snn,30,13,149,NA,NA,0.9500516897288535,0.9503565390288929,0.9502040899280488,0.9419808530480591,0.9473941799619838
0,1679859428.979296,17219,opf,35,28,17,NA,NA,0.8814283874394051,0.8964611430693928,0.8888812113220672,0.8354375399560082,0.8825192842530956
1,1679859442.216282,17219,opf_snn,35,18,87,NA,NA,0.9031072115738579,0.902850159439174,0.9029786672126733,0.8716517982937636,0.8975069931233404
0,1679859454.21932,17219,opf,40,40,14,NA,NA,0.8822451742392752,0.8983874728962654,0.8902431546841293,0.8373602951144142,0.8839520986897643
1,1679859469.42816,17219,opf_snn,40,22,69,NA,NA,0.9167443356536623,0.9160977169372176,0.9164209122333025,0.8934021995900197,0.9117096906901297
0,1679859483.162328,17219,opf,45,42,13,NA,NA,0.8623053193588712,0.9141201374678544,0.8874570605170969,0.8166373475629323,0.8817134608267844
1,1679859500.426223,17219,opf_snn,45,22,68,NA,NA,0.9167443356536623,0.9160977169372176,0.9164209122333025,0.8934021995900197,0.9117096906901297
0,1679859515.298962,17219,opf,50,50,12,NA,NA,0.8608495571852586,0.9083095802356548,0.8839429799095114,0.8164623772203694,0.878045130276888
1,1679859534.539845,17219,opf_snn,50,32,47,NA,NA,0.8880777241593342,0.889317769157946,0.8886973140842344,0.8682350190592728,0.8824100827139637
0,1679859551.188548,95673,opf,5,5,247,NA,NA,0.9684170070535172,0.9685710534123562,0.9684940241073747,0.963368906800151,0.9667208085085132
1,1679859558.357872,95673,opf_snn,5,4,427,NA,NA,0.9627292352633555,0.962664491409058,0.9626968622476588,0.955957699762892,0.9605979321803989
0,1679859565.372204,95673,opf,10,10,84,NA,NA,0.9301393791548429,0.9319714710376052,0.9310545238177995,0.9050022741985169,0.9271664846820925
1,1679859573.174301,95673,opf_snn,10,7,257,NA,NA,0.9591102742027517,0.9589567764804807,0.9590335191996123,0.9509861393056095,0.9567286904889098
0,1679859580.728788,95673,opf,15,15,40,NA,NA,0.9152773783449335,0.9183649394690236,0.9168185594268067,0.8825739464755104,0.9121208216988569
1,1679859589.242455,95673,opf_snn,15,11,157,NA,NA,0.9647753737676725,0.9646191671250381,0.9646972641229946,0.9577766919417773,0.96271109144915
0,1679859597.452625,95673,opf,20,20,28,NA,NA,0.9068141745780146,0.9104287142142105,0.908617849693153,0.868894447567102,0.9034533754811613
1,1679859607.000667,95673,opf_snn,20,13,147,NA,NA,0.9590904070707478,0.9590526741369306,0.9590715402327056,0.9511739046535999,0.9567685620053555
0,1679859615.971081,95673,opf,25,24,21,NA,NA,0.895157828781583,0.9053330255695072,0.9002166753967115,0.8422644987395588,0.8945347286442984
1,1679859626.410416,95673,opf_snn,25,13,147,NA,NA,0.9590904070707478,0.9590526741369306,0.9590715402327056,0.9511739046535999,0.9567685620053555
0,1679859636.218761,95673,opf,30,29,17,NA,NA,0.8809183109246691,0.9038841745441685,0.8922534866392532,0.8204966481627203,0.886061771109658
1,1679859648.182176,95673,opf_snn,30,14,132,NA,NA,0.9403078229246816,0.94053800762705,0.9404229011904484,0.9276331830404153,0.9370695771505907
0,1679859659.081339,95673,opf,35,35,13,NA,NA,0.8461418767858758,0.893547531969702,0.869198814332101,0.7836362537456375,0.8625586571309372
1,1679859672.477116,95673,opf_snn,35,20,85,NA,NA,0.9107675790787526,0.9120501676503682,0.9114084221309011,0.8706896843481955,0.9064155574401472
0,1679859684.536309,95673,opf,40,37,12,NA,NA,0.8396144754138124,0.8850414758465908,0.8617297077939959,0.7780786613696878,0.8547228558281017
1,1679859699.575977,95673,opf_snn,40,16,113,NA,NA,0.9346791920376336,0.9366520871882946,0.935664599627335,0.9224404915646597,0.9320359791716152
0,1679859712.876465,95673,opf,45,42,11,NA,NA,0.8345970230563226,0.881308418991958,0.8573169183578666,0.7736237529985934,0.8500752548076324
1,1679859729.114525,95673,opf_snn,45,19,90,NA,NA,0.9293807124409386,0.9307530454287541,0.9300663727083932,0.9048964010988004,0.9261247370702211
0,1679859743.015686,95673,opf,50,42,11,NA,NA,0.8345970230563226,0.881308418991958,0.8573169183578666,0.7736237529985934,0.8500752548076324
1,1679859761.109032,95673,opf_snn,50,39,39,NA,NA,0.8844746292288894,0.8930434279491941,0.888738374984086,0.8270142929676272,0.8824121875410524
0,1679859776.742311,93719,opf,5,5,246,NA,NA,0.9666400271688472,0.967168872429137,0.9669043774864412,0.9643676367361877,0.9650269620549028
1,1679859783.427082,93719,opf_snn,5,4,423,NA,NA,0.983251401517055,0.98376218081202,0.9835067248468745,0.9824395800579294,0.9825711353981262
0,1679859789.989832,93719,opf,10,10,85,NA,NA,0.9405834603510098,0.9444504181767431,0.9425129729259246,0.9213242870380001,0.9392395741124314
1,1679859797.155388,93719,opf_snn,10,6,299,NA,NA,0.9720426365673686,0.9721972444642507,0.9721199343685224,0.9687960414556371,0.9705390268765575
0,1679859804.212538,93719,opf,15,15,42,NA,NA,0.9068831073578345,0.9096877173887628,0.9082832473496952,0.8818039243054038,0.9030663794066278
1,1679859812.141682,93719,opf_snn,15,10,174,NA,NA,0.9675391480026775,0.9683856345933477,0.9679622062341209,0.9616476954326438,0.9661441365314168
0,1679859819.977985,93719,opf,20,20,32,NA,NA,0.9080306566021127,0.9142989495822996,0.9111540225240937,0.8750451564284621,0.9060806688898078
1,1679859828.739028,93719,opf_snn,20,15,105,NA,NA,0.9384604459861214,0.9405257930952817,0.9394919844449269,0.9299741143526186,0.9360533669008838
0,1679859837.033614,93719,opf,25,24,22,NA,NA,0.8848596841956629,0.9075552312202158,0.8960637722670535,0.8316631255524913,0.890044836792804
1,1679859846.790159,93719,opf_snn,25,17,89,NA,NA,0.9269684931826127,0.931892907829844,0.9294241777338461,0.9123842749155977,0.9254004324160071
0,1679859855.953112,93719,opf,30,29,19,NA,NA,0.8805562222212653,0.9039666345362177,0.8921078726529964,0.8255716969474222,0.8858545876011631
1,1679859866.926936,93719,opf_snn,30,18,83,NA,NA,0.9493729133837715,0.9511125243627548,0.9502419226960608,0.9402705025669491,0.947415347125018
0,1679859876.962263,93719,opf,35,35,16,NA,NA,0.8719219594349946,0.9002411804825482,0.885855298950568,0.8174371128929141,0.8792266796774217
1,1679859889.296003,93719,opf_snn,35,16,93,NA,NA,0.9405889444621525,0.9432276595419806,0.9419064539407271,0.929117009242405,0.9386029206959551
0,1679859900.376629,93719,opf,40,40,15,NA,NA,0.8439869916528222,0.8731462561935265,0.8583190418821122,0.7798169082617601,0.8501646912576587
1,1679859914.329209,93719,opf_snn,40,18,83,NA,NA,0.9493729133837715,0.9511125243627548,0.9502419226960608,0.9402705025669491,0.947415347125018
0,1679859926.509722,93719,opf,45,44,11,NA,NA,0.8342093374883451,0.8851223456455156,0.858912021223526,0.7746077256953473,0.851666481195325
1,1679859942.509074,93719,opf_snn,45,28,52,NA,NA,0.9268119028140344,0.93115095550469,0.9289763624869667,0.910249235078708,0.9249296692906809
0,1679859956.501866,93719,opf,50,44,11,NA,NA,0.8342093374883451,0.8851223456455156,0.858912021223526,0.7746077256953473,0.851666481195325
1,1679859974.289333,93719,opf_snn,50,33,47,NA,NA,0.8725336100295635,0.888766233539562,0.8805751196243914,0.8204726158690565,0.8736771679313158
0,1679859989.910858,45219,opf,5,5,258,NA,NA,0.9783758902724478,0.978119592156086,0.9782477244269231,0.9771667675456626,0.9770249380420394
1,1679859996.429363,45219,opf_snn,5,5,349,NA,NA,0.9781026784832287,0.9782150670864272,0.9781588695565185,0.9767489153512411,0.9769305717128075
0,1679860002.87741,45219,opf,10,10,77,NA,NA,0.9834941045457622,0.9837934303537471,0.983643744678315,0.982677806862804,0.982723716539667
1,1679860009.907156,45219,opf_snn,10,6,308,NA,NA,0.9891677890659156,0.9892029731126926,0.9891853807764414,0.988938948550014,0.9885772461811235
0,1679860016.788718,45219,opf,15,15,40,NA,NA,0.9425678541119434,0.9505086192544436,0.9465215823768472,0.917157992098367,0.9434873628765126
1,1679860024.573302,45219,opf_snn,15,14,125,NA,NA,0.9779581208364381,0.97795860841711,0.9779583646267133,0.9756971258013332,0.9767189348165287
0,1679860032.148449,45219,opf,20,20,22,NA,NA,0.9316589353761328,0.94041397330535,0.936015982197593,0.9077027239661523,0.9323820890064691
1,1679860040.723965,45219,opf_snn,20,10,164,NA,NA,0.9684700464098783,0.9690552886671051,0.9687625791503572,0.9645025182421654,0.9670048618673651
0,1679860048.914037,45219,opf,25,24,17,NA,NA,0.9265723943485992,0.9349664401296983,0.9307504920350999,0.902938047099586,0.9268190451895086
1,1679860058.593382,45219,opf_snn,25,13,134,NA,NA,0.9725078188239478,0.9726532459902366,0.9725805269707658,0.9703047945122593,0.9710384287855076
0,1679860067.626271,45219,opf,30,30,16,NA,NA,0.9136479282620742,0.9233788642702409,0.9184876233389525,0.8873430021987361,0.9138527524798192
1,1679860078.394975,45219,opf_snn,30,15,110,NA,NA,0.9541451339347892,0.9544360033999878,0.9542905465030057,0.9482909452221246,0.9517193778923121
0,1679860088.226456,45219,opf,35,33,14,NA,NA,0.8818864237822532,0.89585985185882,0.8888182209027272,0.85073138555912,0.8824694158303847
1,1679860100.334637,45219,opf_snn,35,17,94,NA,NA,0.9551189249530714,0.9570914761333701,0.956104183145199,0.9462985580841884,0.9536301425425987
0,1679860111.182567,45219,opf,40,40,12,NA,NA,0.8430501696285119,0.8906584747217705,0.8662006510057555,0.7967264221079071,0.8594108389695074
1,1679860124.967561,45219,opf_snn,40,20,79,NA,NA,0.9480599773545986,0.9493493405283165,0.9487042208553319,0.9419626591450968,0.9458153494381741
0,1679860137.330048,45219,opf,45,40,12,NA,NA,0.8430501696285119,0.8906584747217705,0.8662006510057555,0.7967264221079071,0.8594108389695074
1,1679860153.314696,45219,opf_snn,45,17,94,NA,NA,0.9551189249530714,0.9570914761333701,0.956104183145199,0.9462985580841884,0.9536301425425987
0,1679860166.865095,45219,opf,50,40,12,NA,NA,0.8430501696285119,0.8906584747217705,0.8662006510057555,0.7967264221079071,0.8594108389695074
1,1679860184.248884,45219,opf_snn,50,23,69,NA,NA,0.9535126097177941,0.9550311328544092,0.9542712671834906,0.9484135369933687,0.9516952186130275
0,1679860199.241528,53126,opf,5,5,231,NA,NA,0.9551277636411277,0.9551801130153361,0.9551539376109504,0.9425391444700681,0.9526083010632936
1,1679860205.728954,53126,opf_snn,5,5,318,NA,NA,0.9680243137275474,0.9680133491003152,0.9680188313828826,0.961400267531691,0.9662035400693351
0,1679860212.18724,53126,opf,10,10,76,NA,NA,0.9401676820172409,0.9397135410184916,0.9399405566622604,0.920504303725133,0.9365332978370587
1,1679860219.225296,53126,opf_snn,10,7,237,NA,NA,0.9588104024093999,0.9582144048614838,0.9585123109884726,0.948951469800123,0.9561589311493035
0,1679860226.286209,53126,opf,15,15,35,NA,NA,0.9224732022486055,0.9224338510542244,0.9224535262317417,0.9032378775851992,0.918052098117152
1,1679860234.371413,53126,opf_snn,15,10,166,NA,NA,0.942530799803387,0.9418461459278038,0.9421883484873679,0.9323443571654909,0.9389093477576633
0,1679860242.133413,53126,opf,20,20,21,NA,NA,0.8605394277756917,0.8687169002065659,0.8646088287849261,0.7992783656524114,0.8568526697280872
1,1679860251.080781,53126,opf_snn,20,15,105,NA,NA,0.944680856109303,0.9441146427635984,0.9443976645681966,0.9351079664395485,0.9412436048607471
0,1679860259.500596,53126,opf,25,24,15,NA,NA,0.8538550019214446,0.8667228251865824,0.860240795743539,0.7799927405387196,0.8521944184959648
1,1679860269.275317,53126,opf_snn,25,14,124,NA,NA,0.9441352926282265,0.9434013965084705,0.9437682018946941,0.9320831231956286,0.9405789830324928
0,1679860278.310755,53126,opf,30,24,15,NA,NA,0.8584111078272414,0.870643152503731,0.8644838628949325,0.7873124291069884,0.8566873495305992
1,1679860289.112747,53126,opf_snn,30,16,107,NA,NA,0.9497116724153877,0.9498037671331674,0.9497577175417511,0.9403111211540978,0.9469055084591523
0,1679860299.190744,53126,opf,35,24,15,NA,NA,0.8584111078272414,0.870643152503731,0.8644838628949325,0.7873124291069884,0.8566873495305992
1,1679860311.473695,53126,opf_snn,35,20,72,NA,NA,0.922399283614442,0.92144608343668,0.92192243714086,0.9002358687301937,0.9174956909153227
0,1679860322.59386,53126,opf,40,40,12,NA,NA,0.8100406781857711,0.8539166609888043,0.8314001986669072,0.7221085618754478,0.8227910967700965
1,1679860336.377235,53126,opf_snn,40,23,64,NA,NA,0.8955270145876377,0.8981855972262918,0.8968543356744983,0.8588990026793103,0.8909827991718445
0,1679860348.772351,53126,opf,45,40,12,NA,NA,0.8100406781857711,0.8539166609888043,0.8314001986669072,0.7221085618754478,0.8227910967700965
1,1679860364.460554,53126,opf_snn,45,24,61,NA,NA,0.8863838688574744,0.8894041387648796,0.8878914353654295,0.8464411178351087,0.8815071983719219
0,1679860378.249627,53126,opf,50,49,11,NA,NA,0.8117629576134585,0.8563767457841285,0.8334732619494808,0.7231208271234469,0.8249644481173007
1,1679860395.734202,53126,opf_snn,50,23,64,NA,NA,0.8955270145876377,0.8981855972262918,0.8968543356744983,0.8588990026793103,0.8909827991718445
0,1679860410.810658,61026,opf,5,5,245,NA,NA,0.9448054284168458,0.9464143072016036,0.9456091834649111,0.9397705396045943,0.9425071330053746
1,1679860417.352981,61026,opf_snn,5,4,409,NA,NA,0.9705494787834249,0.9716324301818963,0.9710906525583851,0.9667551455330939,0.9694428916201157
0,1679860423.823711,61026,opf,10,10,82,NA,NA,0.9547367250004862,0.9561667445279145,0.955451199688546,0.948566577737865,0.9529110638462854
1,1679860430.96983,61026,opf_snn,10,7,248,NA,NA,0.9582215440919105,0.9596336953958995,0.9589270998477042,0.9523699445327208,0.9565851375887005
0,1679860437.903557,61026,opf,15,15,39,NA,NA,0.9392248650863328,0.9419132416944267,0.9405671323807632,0.9285832961260571,0.9371734182431949
1,1679860445.63901,61026,opf_snn,15,10,181,NA,NA,0.9582342700622637,0.9602813927397228,0.9592567392255845,0.9542962398940215,0.956931989805984
0,1679860453.133808,61026,opf,20,20,29,NA,NA,0.9245495860979025,0.9295762281313446,0.927056093356372,0.9058950047110164,0.9228796570036526
1,1679860461.793086,61026,opf_snn,20,14,126,NA,NA,0.9407435192050004,0.9424446937447034,0.9415933380984374,0.9333505183725379,0.938261981824195
0,1679860470.192853,61026,opf,25,25,21,NA,NA,0.931391734881415,0.9360325007393901,0.9337063513896456,0.9135391979024263,0.9299123186074378
1,1679860479.997884,61026,opf_snn,25,13,135,NA,NA,0.944881553974227,0.9468154496987742,0.9458475133186074,0.935925774938421,0.9427580501701645
0,1679860489.171062,61026,opf,30,30,19,NA,NA,0.891835408733709,0.9101431470762776,0.9008962764422014,0.848847098250132,0.8951501323414357
1,1679860500.257072,61026,opf_snn,30,16,101,NA,NA,0.9402650174448103,0.9412469784447756,0.9407557417020989,0.9294204004520175,0.9373791993244596
0,1679860510.275615,61026,opf,35,32,17,NA,NA,0.8923900417158366,0.9098187688073965,0.9010201307518431,0.8490756186876739,0.8952863855317148
1,1679860522.697541,61026,opf_snn,35,21,76,NA,NA,0.9296772824197987,0.9331431063613398,0.9314069702644897,0.9141852059989415,0.9274866661223683
0,1679860534.003506,61026,opf,40,40,14,NA,NA,0.8802916858591681,0.8947781605543796,0.8874758106176217,0.8352443595056268,0.8809770775934243
1,1679860548.226979,61026,opf_snn,40,21,76,NA,NA,0.9296772824197987,0.9331431063613398,0.9314069702644897,0.9141852059989415,0.9274866661223683
0,1679860560.785391,61026,opf,45,44,11,NA,NA,0.8494136811004861,0.8989376061963926,0.8734742345052297,0.8053059048223121,0.866966376335749
1,1679860576.59825,61026,opf_snn,45,20,79,NA,NA,0.9270050001547215,0.9298154459625201,0.9284080961417035,0.9136529171321108,0.9243194275857731
0,1679860590.126937,61026,opf,50,44,11,NA,NA,0.8494136811004861,0.8989376061963926,0.8734742345052297,0.8053059048223121,0.866966376335749
1,1679860607.549375,61026,opf_snn,50,32,43,NA,NA,0.8970253180570806,0.9041817929525724,0.9005893386131052,0.8815298042229816,0.8948830216132588
0,1679860622.814605,267,opf,5,5,255,NA,NA,0.9581484236007936,0.9585274152481483,0.9583378819547367,0.9485250302653835,0.9559740880686443
1,1679860629.355326,267,opf_snn,5,5,334,NA,NA,0.9619449008528633,0.9627154004689021,0.9623299964337555,0.9552485340591338,0.9601918350845557
0,1679860635.836631,267,opf,10,10,79,NA,NA,0.9288084868007873,0.9292356678919726,0.9290220282399893,0.9127476968365295,0.9249947958769538
1,1679860642.940978,267,opf_snn,10,7,253,NA,NA,0.9544739874093157,0.9535112209454336,0.9539923612721205,0.9453814900844774,0.9513860254234282
0,1679860649.912137,267,opf,15,15,44,NA,NA,0.8948603145597647,0.8962136365423221,0.8955364642710967,0.8464883460282875,0.88960294159294
1,1679860657.809431,267,opf_snn,15,10,179,NA,NA,0.9518872974785234,0.9515536520567393,0.9517204455260445,0.9393715381579768,0.9489835454844127
0,1679860665.351508,267,opf,20,20,29,NA,NA,0.8743681838717612,0.8819447802543339,0.8781401396417602,0.8038258516805534,0.8711685871907144
1,1679860674.042581,267,opf_snn,20,12,137,NA,NA,0.9516203756807331,0.9518889651077269,0.9517546514449454,0.9337123141886078,0.949017850591287
0,1679860682.391714,267,opf,25,24,19,NA,NA,0.8569259560546928,0.8755970584412531,0.8661608996192683,0.772837798625043,0.8584164049383037
1,1679860692.186772,267,opf_snn,25,14,127,NA,NA,0.9165413705498465,0.9171256864111169,0.9168334353815125,0.8915422848981476,0.9121136681600635
0,1679860701.285184,267,opf,30,30,17,NA,NA,0.8504496855224679,0.8710624377320982,0.8606326568751712,0.7642717506524012,0.8525546706664564
1,1679860712.284758,267,opf_snn,30,14,127,NA,NA,0.9165413705498465,0.9171256864111169,0.9168334353815125,0.8915422848981476,0.9121136681600635
0,1679860722.179698,267,opf,35,35,13,NA,NA,0.8295769620818039,0.8538435926610419,0.841535374742959,0.7384973724740188,0.8323214317374008
1,1679860734.501246,267,opf_snn,35,21,70,NA,NA,0.8933722638684699,0.8960853004845605,0.8947267255287839,0.8401037815556931,0.8887378764928753
0,1679860745.455733,267,opf,40,40,11,NA,NA,0.7956655386649856,0.8447244394710828,0.8194613904175969,0.7172650743751964,0.8101894026188937
1,1679860759.241899,267,opf_snn,40,26,59,NA,NA,0.909161699419025,0.9106675306265136,0.909913992017163,0.8789339318573012,0.9047958319160279
0,1679860771.515523,267,opf,45,40,11,NA,NA,0.7956655386649856,0.8447244394710828,0.8194613904175969,0.7172650743751964,0.8101894026188937
1,1679860787.032512,267,opf_snn,45,24,60,NA,NA,0.8998783264922259,0.9007667614636486,0.9003223248018477,0.8742253233562476,0.8946632085794053
0,1679860800.52354,267,opf,50,40,11,NA,NA,0.7956655386649856,0.8447244394710828,0.8194613904175969,0.7172650743751964,0.8101894026188937
1,1679860818.11094,267,opf_snn,50,29,52,NA,NA,0.8805001058507789,0.8821495691417832,0.8813240657237653,0.8478009233681654,0.8745798778731738
0,1679860833.290691,63831,opf,5,5,256,NA,NA,0.9696611520201841,0.970642138335924,0.970151397192557,0.9641420101240835,0.9684628375421324
1,1679860839.8613,63831,opf_snn,5,4,426,NA,NA,0.9640398515209352,0.9650628680299798,0.9645510885190939,0.957701466551758,0.9625456696628855
0,1679860846.351719,63831,opf,10,10,84,NA,NA,0.9335035523095454,0.9368788525620342,0.935188156895005,0.913495794180451,0.9315120293754467
1,1679860853.455846,63831,opf_snn,10,8,221,NA,NA,0.9544246372968379,0.9556800363915955,0.955051924294342,0.945187186731318,0.9525085273652245
0,1679860860.494246,63831,opf,15,15,44,NA,NA,0.9187113236617892,0.9215848335993589,0.9201458352255307,0.9060951851278212,0.9156183754084051
1,1679860868.328916,63831,opf_snn,15,9,191,NA,NA,0.9581732939306228,0.9593619477432445,0.9587672524218309,0.9503351652588429,0.9564342859152228
0,1679860875.924994,63831,opf,20,20,28,NA,NA,0.8957549907320392,0.9156492367688692,0.9055928667311073,0.8234406293480229,0.9001438676095026
1,1679860884.795419,63831,opf_snn,20,11,152,NA,NA,0.9387288770911596,0.9410298095363328,0.9398779350771052,0.9202868445863263,0.936471773124823
0,1679860893.302773,63831,opf,25,24,17,NA,NA,0.8902805748389604,0.9107293198873706,0.9003888593907232,0.8193717025952053,0.8946354190369236
1,1679860903.310224,63831,opf_snn,25,17,102,NA,NA,0.9472755702536555,0.9495395177193873,0.9484061929169944,0.9328820605912809,0.9454834082267355
0,1679860912.630633,63831,opf,30,30,14,NA,NA,0.8608786939924815,0.8889490667544737,0.8746887308345708,0.785477748186627,0.8674004814454677
1,1679860923.837934,63831,opf_snn,30,18,93,NA,NA,0.9333546038589194,0.935547387346042,0.93444970920559,0.9147895145553326,0.9307364614891714
0,1679860933.818863,63831,opf,35,33,13,NA,NA,0.8513978639607663,0.8852926262528233,0.8680144852744271,0.7761359751607514,0.8603493955802342
1,1679860946.1009,63831,opf_snn,35,20,81,NA,NA,0.9259978850437266,0.9319643004031554,0.9289715128427201,0.8971901423809668,0.9249310915500953
0,1679860957.07826,63831,opf,40,39,12,NA,NA,0.8234964347246647,0.8794393296992808,0.8505489962611572,0.7451847305034635,0.8428621814542073
1,1679860970.735721,63831,opf_snn,40,15,115,NA,NA,0.9368911066350892,0.9403717460212546,0.9386281995955599,0.9192283783051296,0.9351466792924901
0,1679860982.657323,63831,opf,45,41,11,NA,NA,0.8234964347246647,0.8794393296992808,0.8505489962611572,0.7451847305034635,0.8428621814542073
1,1679860998.064089,63831,opf_snn,45,22,71,NA,NA,0.9140953376788538,0.9208640778924115,0.917467223628302,0.8829845574903334,0.9127678744240662
0,1679861011.396894,63831,opf,50,41,11,NA,NA,0.8234964347246647,0.8794393296992808,0.8505489962611572,0.7451847305034635,0.8428621814542073
1,1679861028.775266,63831,opf_snn,50,33,48,NA,NA,0.8706673664786604,0.8788859764006338,0.8747573677844243,0.8246317613152206,0.8676123918196417
0,1679861043.810758,43373,opf,5,5,258,NA,NA,0.966025829278461,0.9671424553979271,0.9665838198484501,0.9629616818783232,0.9646889809009673
1,1679861050.343851,43373,opf_snn,5,5,339,NA,NA,0.9656983667355913,0.9673280251804606,0.9665125090075896,0.9624884224078171,0.9646125704769439
0,1679861056.892373,43373,opf,10,10,79,NA,NA,0.9637692765173508,0.9651809343334742,0.9644745888807711,0.9545968366369428,0.9624595640349325
1,1679861064.194433,43373,opf_snn,10,7,249,NA,NA,0.955674700197866,0.9578847672428791,0.9567784574610176,0.9489446558001151,0.9543247139881793
0,1679861071.270977,43373,opf,15,15,44,NA,NA,0.9228414408876742,0.926023097715984,0.924429531691809,0.8948274340887984,0.9201343659299189
1,1679861079.148145,43373,opf_snn,15,12,135,NA,NA,0.9658677426993066,0.96706881479739,0.9664679055922355,0.956368921477223,0.9645663261317251
0,1679861086.763553,43373,opf,20,20,31,NA,NA,0.9199880341377887,0.9237268896170047,0.9218536708790936,0.8891783912348571,0.9174093303696471
1,1679861095.519332,43373,opf_snn,20,13,129,NA,NA,0.9476880523368483,0.9494293384211728,0.9485578962515442,0.9323699302734562,0.945638860484995
0,1679861103.894807,43373,opf,25,25,20,NA,NA,0.8774532873079978,0.8902346264378407,0.8837977488775254,0.8209217745185735,0.8771212308906323
1,1679861113.704163,43373,opf_snn,25,17,95,NA,NA,0.961919760802364,0.9626619442607942,0.9622907094261228,0.954877661745588,0.960153419301632
0,1679861122.841694,43373,opf,30,29,17,NA,NA,0.8756031905745468,0.8902354501999885,0.8828586967785181,0.81869175772626,0.8761155107239907
1,1679861133.954079,43373,opf_snn,30,15,113,NA,NA,0.9516288308647369,0.9529352259835004,0.9522815803771758,0.9374549956351509,0.9495752437326807
0,1679861143.898053,43373,opf,35,31,15,NA,NA,0.8730301823060749,0.8884244954514141,0.8806600692293436,0.8162574132453255,0.8737844204582889
1,1679861156.564445,43373,opf_snn,35,19,85,NA,NA,0.9402771311734269,0.9404474541028706,0.9403622849257223,0.925952645614025,0.9369841325483109
0,1679861167.937914,43373,opf,40,40,14,NA,NA,0.8598827731214609,0.8755733234849882,0.8676571178512263,0.7803019017692175,0.8600304556520519
1,1679861182.193349,43373,opf_snn,40,26,57,NA,NA,0.8840100559462069,0.8891548149322669,0.8865749717945811,0.8428739125941435,0.8801113384870647
0,1679861194.623125,43373,opf,45,44,13,NA,NA,0.8291792130235794,0.8841093474513313,0.8557637164673294,0.7500525623718245,0.8483329102604219
1,1679861210.448224,43373,opf_snn,45,19,84,NA,NA,0.9402771311734269,0.9404474541028706,0.9403622849257223,0.925952645614025,0.9369841325483109
0,1679861224.134748,43373,opf,50,44,13,NA,NA,0.8291792130235794,0.8841093474513313,0.8557637164673294,0.7500525623718245,0.8483329102604219
1,1679861241.923054,43373,opf_snn,50,23,62,NA,NA,0.9071266128145021,0.9096170442031823,0.9083701215403115,0.8680386126138745,0.9031653491452079
0,1679861256.8894,13480,opf,5,5,243,NA,NA,0.9427293637728907,0.9420694272634238,0.9423992799842874,0.9344325141428946,0.9391270717104172
1,1679861263.484263,13480,opf_snn,5,5,339,NA,NA,0.9372498467555659,0.9370155070476848,0.9371326622518591,0.9298796348673536,0.9335595340065467
0,1679861269.961285,13480,opf,10,10,77,NA,NA,0.9103975590916775,0.91055846228815,0.9104780035810548,0.883678040225217,0.9053877055046314
1,1679861277.063471,13480,opf_snn,10,7,248,NA,NA,0.9377449631833066,0.9365883253128789,0.9371662873715512,0.9297552913417252,0.9335988846507961
0,1679861284.034374,13480,opf,15,15,43,NA,NA,0.8645881457316946,0.8746231544408829,0.8695766997799679,0.7945022721442807,0.8620759483587224
1,1679861291.803306,13480,opf_snn,15,9,192,NA,NA,0.9372990409728517,0.9365600709321685,0.9369294102433909,0.9287881038146526,0.9333468319877529
0,1679861299.319936,13480,opf,20,20,25,NA,NA,0.8584315512003735,0.8672208709300118,0.8628038276059516,0.7937881712231066,0.8549239621758807
1,1679861307.990215,13480,opf_snn,20,17,98,NA,NA,0.8939003650510471,0.8941912415340406,0.8940457796334853,0.8733925492349586,0.888020083209992
0,1679861316.373754,13480,opf,25,25,20,NA,NA,0.8523947805682648,0.8642799471715683,0.8582962211936408,0.7817274979640378,0.8501292569354211
1,1679861326.157877,13480,opf_snn,25,17,98,NA,NA,0.8939003650510471,0.8941912415340406,0.8940457796334853,0.8733925492349586,0.888020083209992
0,1679861335.42562,13480,opf,30,29,16,NA,NA,0.8074496360546022,0.8520614581336212,0.8291559082377702,0.7425217826334185,0.8204011278651858
1,1679861346.816225,13480,opf_snn,30,13,135,NA,NA,0.920688063628236,0.9207549981916355,0.9207215296934345,0.9070812688057375,0.9162141504330801
0,1679861356.792155,13480,opf,35,35,13,NA,NA,0.8107104819712218,0.8573070322965815,0.8333579130978973,0.738350465499193,0.8248023785706655
1,1679861369.155449,13480,opf_snn,35,24,68,NA,NA,0.8937225058651969,0.894077286704054,0.8938998610822935,0.872370147209938,0.887865300107489
0,1679861380.399918,13480,opf,40,36,12,NA,NA,0.8105017231768037,0.8573886916451888,0.8332861749611964,0.7377242181650895,0.82472453297188
1,1679861394.268523,13480,opf_snn,40,22,68,NA,NA,0.9171784691720216,0.9173532540387096,0.9172658532790583,0.903251756790342,0.9125613520514257
0,1679861406.521633,13480,opf,45,41,11,NA,NA,0.7885746692135033,0.8295075103476978,0.808523348004416,0.7183007417995323,0.7987460300762216
1,1679861422.023258,13480,opf_snn,45,23,64,NA,NA,0.9085934486651558,0.9083779950009683,0.908485709058981,0.8941442225952981,0.9032843235945011
0,1679861435.576505,13480,opf,50,41,11,NA,NA,0.7885746692135033,0.8295075103476978,0.808523348004416,0.7183007417995323,0.7987460300762216
1,1679861453.098018,13480,opf_snn,50,29,52,NA,NA,0.8711262128393611,0.8722887909995727,0.8717071142928904,0.8384053756444843,0.8644031130762868
0,1679861468.484555,48912,opf,5,5,254,NA,NA,0.9341424240168579,0.9388541436933644,0.9364923574421393,0.9112954679915353,0.9328830033457783
1,1679861475.206862,48912,opf_snn,5,4,430,NA,NA,0.9603536126649026,0.9608144571825562,0.9605839796506711,0.9538104345008467,0.9583541431653382
0,1679861481.863302,48912,opf,10,10,91,NA,NA,0.9036045865593108,0.9116181668794258,0.9075936881273138,0.8613140069157517,0.9023226517635928
1,1679861488.907876,48912,opf_snn,10,7,262,NA,NA,0.959792036308968,0.9612919650642294,0.9605414151353503,0.9540009544647362,0.9583066134284376
0,1679861495.766462,48912,opf,15,15,45,NA,NA,0.8984931808891099,0.9045510650283455,0.9015119462921463,0.8559838561647779,0.8959057405148939
1,1679861503.543968,48912,opf_snn,15,10,169,NA,NA,0.9376604042244886,0.9400493253892607,0.9388533451512426,0.92626674859312,0.9353866408578929
0,1679861511.048139,48912,opf,20,20,26,NA,NA,0.8752936273087163,0.8934438066850894,0.8842755915264223,0.8067803855009611,0.8776020928076878
1,1679861519.791439,48912,opf_snn,20,12,158,NA,NA,0.9435703039208378,0.9450672199419821,0.9443181687107559,0.9317067488204341,0.9411646466360437
0,1679861528.024519,48912,opf,25,23,18,NA,NA,0.8670056468233425,0.8820301981186021,0.8744533905912293,0.8005105825404012,0.8672349557201229
1,1679861537.69834,48912,opf_snn,25,15,115,NA,NA,0.9099279676496848,0.9119100360660263,0.9109179236623193,0.8862197885570403,0.9058698023610737
0,1679861546.768757,48912,opf,30,29,16,NA,NA,0.8533007874794788,0.8740383655409825,0.8635450939663408,0.7867753606018134,0.8556557367490446
1,1679861557.678542,48912,opf_snn,30,20,81,NA,NA,0.9197006867250057,0.92189545309131,0.920796762075431,0.9013396885202144,0.916307429976336
0,1679861567.788588,48912,opf,35,29,16,NA,NA,0.8533007874794788,0.8740383655409825,0.8635450939663408,0.7867753606018134,0.8556557367490446
1,1679861580.110235,48912,opf_snn,35,16,105,NA,NA,0.9202305108813346,0.9226987832244593,0.9214629941494515,0.9017361458147274,0.9170099506668762
0,1679861591.04909,48912,opf,40,37,14,NA,NA,0.8041146841907527,0.8567213546884591,0.829584866221567,0.7342484192147075,0.8208244775073551
1,1679861604.885577,48912,opf_snn,40,22,78,NA,NA,0.8971522395254988,0.9002117284492671,0.8986793800427614,0.8687002904361218,0.892930791873392
0,1679861617.168017,48912,opf,45,45,13,NA,NA,0.7962357176688635,0.8488050598846482,0.8216804291299469,0.7286747993280274,0.8125112861211166
1,1679861632.745506,48912,opf_snn,45,23,67,NA,NA,0.8871612541790089,0.8929008909621529,0.8900218191210616,0.849290366669874,0.8837633905086725
0,1679861646.114779,48912,opf,50,48,12,NA,NA,0.7789968840717396,0.8254710174692298,0.8015608786968791,0.7025876096621438,0.7914112757971654
1,1679861663.694301,48912,opf_snn,50,31,44,NA,NA,0.8966894942154335,0.9031204587239596,0.8998934871164895,0.8553129004717035,0.8941930932799117
0,1679861678.56655,67816,opf,5,5,267,NA,NA,0.973205702196825,0.9722803639304354,0.9727428130027101,0.9719781199569405,0.9711938449705417
1,1679861684.970609,67816,opf_snn,5,4,425,NA,NA,0.9732419958280054,0.9729815355647021,0.9731117482678447,0.9736354980768218,0.9715826492878222
0,1679861691.299922,67816,opf,10,10,91,NA,NA,0.9492325142000138,0.9486176926425333,0.9489250038334488,0.9410676078691776,0.9460216538263269
1,1679861698.370594,67816,opf_snn,10,6,294,NA,NA,0.9732419958280054,0.9729815355647021,0.9731117482678447,0.9736354980768218,0.9715826492878222
0,1679861705.253144,67816,opf,15,15,43,NA,NA,0.9389697231135246,0.9373510960412822,0.9381597114149217,0.9268104214246982,0.9346483521761331
1,1679861712.930497,67816,opf_snn,15,9,194,NA,NA,0.9655705943065235,0.9653650954477251,0.9654678339420679,0.9595711329102563,0.9635039786221358
0,1679861720.37947,67816,opf,20,20,24,NA,NA,0.9207213820137715,0.9185284097008057,0.9196235884961061,0.9046469619087986,0.9150629368098356
1,1679861728.968523,67816,opf_snn,20,12,149,NA,NA,0.9641536177680572,0.9629583545974189,0.9635556155104399,0.9609333430309848,0.9614851653799058
0,1679861737.108256,67816,opf,25,25,19,NA,NA,0.9220825651084313,0.9204715417189923,0.9212763491205918,0.9061996039971127,0.9168064709777081
1,1679861746.714733,67816,opf_snn,25,16,107,NA,NA,0.943449983242932,0.9434579240625001,0.943453953636007,0.9380857352401094,0.9402372448844106
0,1679861755.764543,67816,opf,30,29,17,NA,NA,0.904596920009423,0.9100670207605037,0.9073237258826192,0.8806993770930053,0.9020248404282823
1,1679861766.51342,67816,opf_snn,30,16,107,NA,NA,0.943449983242932,0.9434579240625001,0.943453953636007,0.9380857352401094,0.9402372448844106
0,1679861776.362399,67816,opf,35,29,17,NA,NA,0.904596920009423,0.9100670207605037,0.9073237258826192,0.8806993770930053,0.9020248404282823
1,1679861788.496218,67816,opf_snn,35,22,70,NA,NA,0.9202192908889506,0.9172896989162043,0.9187521595373699,0.9013354060868618,0.9141460505979715
0,1679861799.424856,67816,opf,40,37,13,NA,NA,0.8752269426532915,0.8844876798534803,0.8798329433097449,0.8367101915636692,0.8729387124648459
1,1679861813.1224,67816,opf_snn,40,20,76,NA,NA,0.9236096555397072,0.921086492456456,0.9223463484152664,0.9100684771122731,0.9179417603622201
0,1679861825.225353,67816,opf,45,41,12,NA,NA,0.8625905256717628,0.8736977717069226,0.8681086214918514,0.8260301789412402,0.8605398803130977
1,1679861840.662316,67816,opf_snn,45,22,68,NA,NA,0.9202192908889506,0.9172896989162043,0.9187521595373699,0.9013354060868618,0.9141460505979715
0,1679861854.26027,67816,opf,50,41,12,NA,NA,0.8625905256717628,0.8736977717069226,0.8681086214918514,0.8260301789412402,0.8605398803130977
1,1679861871.556505,67816,opf_snn,50,23,61,NA,NA,0.9052705821537632,0.9029916912135534,0.9041297006796024,0.882058744818216,0.8986905896570634
0,1679861886.30965,69585,opf,5,5,251,NA,NA,0.9825995109991015,0.9836239297827092,0.9831114535255475,0.9808617717677001,0.9821463007983245
1,1679861892.716542,69585,opf_snn,5,5,341,NA,NA,0.9773786383667603,0.9778191465868769,0.9775988428533242,0.9750730831525444,0.9763194184806581
0,1679861899.1624,69585,opf,10,10,82,NA,NA,0.973632525452273,0.974087700121589,0.9738600596006528,0.9699900132008111,0.9723671034074287
1,1679861906.148638,69585,opf_snn,10,7,242,NA,NA,0.9768746859662705,0.9784449587473995,0.9776591918316383,0.9753823373802484,0.9763817083756917
0,1679861913.015525,69585,opf,15,15,47,NA,NA,0.9554507137381791,0.9578843469991093,0.9566659826598893,0.9510976002132064,0.9541858697833148
1,1679861920.756823,69585,opf_snn,15,8,215,NA,NA,0.9825995109991015,0.9836239297827092,0.9831114535255475,0.9808617717677001,0.9821463007983245
0,1679861928.260471,69585,opf,20,20,26,NA,NA,0.9256622313273621,0.9374838118546991,0.9315355178841485,0.900505739817091,0.9275797824079258
1,1679861936.888009,69585,opf_snn,20,12,154,NA,NA,0.9596505653799309,0.9611448138430867,0.9603971083995552,0.9558315471709498,0.9581325831779705
0,1679861945.380187,69585,opf,25,25,21,NA,NA,0.9198384110672466,0.9330641646376976,0.9264040860837985,0.8899628235806154,0.922145624410347
1,1679861955.430472,69585,opf_snn,25,17,97,NA,NA,0.9400164677453259,0.9418823889939584,0.9409485033299957,0.93373420999191,0.9375703742873858
0,1679861964.79314,69585,opf,30,28,17,NA,NA,0.9084001742033219,0.9231994419516697,0.9157400192666784,0.873646077581873,0.91085697646425
1,1679861975.644969,69585,opf_snn,30,16,113,NA,NA,0.9521697051591337,0.9555182098605542,0.9538410187472594,0.9454424569692245,0.9511964845073172
0,1679861985.559593,69585,opf,35,33,15,NA,NA,0.9025700023816903,0.9175221508847929,0.9099846603075743,0.8675198827035254,0.9047669758796452
1,1679861997.762148,69585,opf_snn,35,18,98,NA,NA,0.9274013308807074,0.9289616881160933,0.9281808537229198,0.9204158953578299,0.9240735824518608
0,1679862008.584324,69585,opf,40,33,16,NA,NA,0.9025700023816903,0.9175221508847929,0.9099846603075743,0.8675198827035254,0.9047669758796452
1,1679862022.264339,69585,opf_snn,40,24,63,NA,NA,0.9106644032541273,0.9148359263395174,0.9127453985405337,0.8993484442964563,0.9077415074469348
0,1679862034.836022,69585,opf,45,43,11,NA,NA,0.8587874450581853,0.9041615793116626,0.8808906007868084,0.8164055700312371,0.8747777256621858
1,1679862050.723437,69585,opf_snn,45,23,60,NA,NA,0.9163707064583119,0.9208431366450026,0.9186014778108945,0.9094804463885365,0.913932188055834
0,1679862064.683792,69585,opf,50,43,11,NA,NA,0.8587874450581853,0.9041615793116626,0.8808906007868084,0.8164055700312371,0.8747777256621858
1,1679862083.28822,69585,opf_snn,50,31,50,NA,NA,0.9029353392560191,0.9100231587585729,0.9064653939782494,0.8906447364333224,0.9010861560683281
